school_name,bemis_code,latitude,longitude,district,in_killa_saifullah
GBPS TALKHAN SAKHOBI,1838,31.1744956139409,68.4788417492901,KILLA SAIFULLAH,False
GBPS KILLI ABDULLAH JAN JOGGIZAI,1840,30.7032146789471,68.3819778350996,KILLA SAIFULLAH,False
GBPS GHUTI,1841,30.7147876286178,68.402508361091,KILLA SAIFULLAH,False
GBPS KHUDAIDAD KHAN GHUTI,1842,30.7225918025254,68.4096693662611,KILLA SAIFULLAH,False
GBPS ABDUL BAQI AKHWANDZADA (NEW LAHORE),1843,30.841733865155,68.2399349153851,KILLA SAIFULLAH,False
GBPS SHER ALI JALALZAI,1844,30.7386940138251,68.4119467231488,KILLA SAIFULLAH,False
GBPS YAHYA WAL,1845,30.7743177190622,68.3912240759319,KILLA SAIFULLAH,False
GBPS ZARY FATHO ZAI,1846,30.7157968960142,68.4711363894412,KILLA SAIFULLAH,False
GBPS KARIGRAN,1847,30.7202289008631,68.4275308741958,KILLA SAIFULLAH,False
GBPS BAHADUR WAL,1848,30.7195045278931,68.4394712497954,KILLA SAIFULLAH,False
GBPS AWAL KHAN,1849,30.6818335350669,68.4022586423636,KILLA SAIFULLAH,False
GBPS JAMIA MASJID QILLAH SAIFULLAH,1850,30.7023877027051,68.3578573292887,KILLA SAIFULLAH,False
GBPS KILLI JAHANGIR,1851,30.6935272804133,68.3457880484103,KILLA SAIFULLAH,False
GBMIDS AHMED ZAI,1852,30.6982299880076,68.3209371102542,KILLA SAIFULLAH,False
GBPS KILLI SHABO ZAI,1853,30.7005910909835,68.3236572381417,KILLA SAIFULLAH,False
GBPS MADRASSA MEER ZAI,1854,30.7017627724411,68.314115485611,KILLA SAIFULLAH,False
GBPS KILLI SHER JAN,1855,30.712620562459,68.2954214922755,KILLA SAIFULLAH,False
GBPS BANDAT PASIN ZAI,1856,30.7736535828568,68.1640523618558,KILLA SAIFULLAH,False
GBPS NESHPA ALI GARH,1857,30.6517965357967,68.4671995914931,KILLA SAIFULLAH,False
GBHS AKHTAR ZAI,1858,30.6714080512442,68.4947221563594,KILLA SAIFULLAH,False
GBPS SHINKI BAH,1859,30.6810193885954,68.5087552879993,KILLA SAIFULLAH,False
GBPS KILLI AKHTAR MUHAMMAD DALEZAI,1860,30.742522429807,68.3964099961347,KILLA SAIFULLAH,False
GBPS TODA SAMI KHULAH,1861,30.6026317991162,68.8762681020816,KILLA SAIFULLAH,False
GBPS BAHERWAL,1862,30.7132847748657,68.3656388161942,KILLA SAIFULLAH,False
GBPS ABDUL KARAIZ,1863,30.7175475660163,68.3280886545542,KILLA SAIFULLAH,False
GBPS NAWAGI SHINAH,1864,30.7302536354802,68.3253284044115,KILLA SAIFULLAH,False
GBPS SHAGAI PAYAZAI,1865,30.7406249795455,68.3876697175313,KILLA SAIFULLAH,False
GBPS SHARAN MUSA ZAI,1866,30.7238096274574,68.3663074564528,KILLA SAIFULLAH,False
GBHS BANDAT MUSAZAI,1867,30.6963761151507,68.3638472028777,KILLA SAIFULLAH,False
GBPS SUR TANGI,1868,30.8231136270157,68.4835480052306,KILLA SAIFULLAH,False
GBPS ZARKAI KHANDAKI,1869,30.7838935817947,68.5950163994644,KILLA SAIFULLAH,False
GBPS TARKHA DOULAT ZAI,1871,30.8312175947751,68.5923024577867,KILLA SAIFULLAH,False
GBPS ZARI KARAIZ,1872,30.7158384629163,68.4711099505938,KILLA SAIFULLAH,False
GBPS NAWGI MANJRA,1873,30.7323085780161,68.3190421918672,KILLA SAIFULLAH,False
GBPS KILLI NANGA,1874,30.7370744700974,68.3284594535918,KILLA SAIFULLAH,False
GBHS KILLI JALAL KHAN,1875,30.7245487709005,68.2782534581848,KILLA SAIFULLAH,False
GBPS QILLAH ZARGHOON,1876,30.6903023288555,68.3837523123344,KILLA SAIFULLAH,False
GBPS KILLI SAITHAN,1877,30.7139877486542,68.3415944473073,KILLA SAIFULLAH,False
GBPS JAWAR TARKAI,1878,30.785268204871,68.3687834303779,KILLA SAIFULLAH,False
GBPS QALANDARA MALAZAI,1880,30.8360922483959,68.343382836225,KILLA SAIFULLAH,False
GBMIDS KILLI MANKI VIALA,1881,30.6934716230055,68.3990946408898,KILLA SAIFULLAH,False
GBHS QILLAH SAIFULLAH,1882,30.7030301693007,68.3597350375399,KILLA SAIFULLAH,False
GBPS MADRASSA TANA AKHTARZA,1883,30.6706464436817,68.4941189929596,KILLA SAIFULLAH,False
GBPS MUSAFAR PUR,1884,30.9664671918426,69.1500052590888,KILLA SAIFULLAH,False
GBPS FATEH KHAN ALLAH DAD ZAI,1885,30.6685328316867,68.4634867847665,KILLA SAIFULLAH,False
GBPS KILLI SHAH ZAMAN,1886,30.7033574627241,68.7537008049222,KILLA SAIFULLAH,False
GBPS GARHA ALI KHAIL,1887,30.6909059836669,68.7050376066478,KILLA SAIFULLAH,False
GBMIDS KALO KILLAH,1888,30.6986281062126,68.7380563216726,KILLA SAIFULLAH,False
GBPS KAPER TOHI,1891,30.6774034998466,68.5359879767466,KILLA SAIFULLAH,False
GBMIDS  BRAT KHAIL,1892,30.6351245662439,68.812797403588,KILLA SAIFULLAH,False
GBPS SANGAN BARAT KHAIL,1893,30.6351116565949,68.7972151682883,KILLA SAIFULLAH,False
GBPS DAND RUSTOM ZAI,1894,30.6025527741136,68.8763398390523,KILLA SAIFULLAH,False
GBPS SAIB ZAI,1895,30.8661248716234,68.8088027129024,KILLA SAIFULLAH,False
GBPS KAMOT SAIB ZAI,1896,30.8304577610204,68.7700498299634,KILLA SAIFULLAH,False
GBMIDS TAR WAL,1897,30.6909844060717,68.4593777676199,KILLA SAIFULLAH,False
GBPS POTI ALI KHAIL,1898,30.7022663500921,68.6663752184358,KILLA SAIFULLAH,False
GBPS QILLAH ALI KHAIL,1899,30.6798099031161,68.6438781856265,KILLA SAIFULLAH,False
GBHSS KHULGAI,1900,30.6819322217838,68.6686787782169,KILLA SAIFULLAH,False
GBPS JADEED ALOZAI,1901,30.6809758010252,68.6067232127412,KILLA SAIFULLAH,False
GBPS HAJI DASMAL ALOZAI,1902,30.6755501769066,68.5771208448587,KILLA SAIFULLAH,False
GBPS WALANG AKHTAR ZAI,1903,30.6855901665326,68.5538138926254,KILLA SAIFULLAH,False
GBPS PITAO GHORIZAI,1904,30.9658330281194,69.0253763170427,KILLA SAIFULLAH,False
GBPS MALANG BATO ZAI,1905,30.8979167245034,68.9672840558871,KILLA SAIFULLAH,False
GBPS NALISAR,1906,30.8338694904051,68.8193125628168,KILLA SAIFULLAH,False
GBPS NALI PAI,1907,30.8003576046296,68.8682582255854,KILLA SAIFULLAH,False
GBPS SHIN KAI,1908,30.754752555165,68.9169454964914,KILLA SAIFULLAH,False
GBPS DOZAI,1909,30.7325969432227,68.8607157130469,KILLA SAIFULLAH,False
GBMIDS SHINA LASHTA NO 1 GUL HABIB,1910,30.7023576484037,68.8001376108727,KILLA SAIFULLAH,False
GBPS SHINA LASHTA NO 2,1911,30.7023900296473,68.8001557995295,KILLA SAIFULLAH,False
GBPS GAWAL HAIDER ZAI,1912,30.7022508982623,68.7789959257061,KILLA SAIFULLAH,False
GBPS TANG HAIDER ZAI,1913,30.8387687157565,69.0226843469513,KILLA SAIFULLAH,False
GBPS JAMAL WALA,1914,30.7623010000999,68.9447869790764,KILLA SAIFULLAH,False
GBHS GAWAL ISMAIL ZAI,1915,30.8951805454852,69.0894222248304,KILLA SAIFULLAH,False
GBPS KODA ISMAIL ZAI,1916,30.8874662073176,69.0833456799795,KILLA SAIFULLAH,False
GBPS DARGA KARAIZ,1917,30.8433179824927,69.0606498634205,KILLA SAIFULLAH,False
GBPS TOR GHUNDI TOREY ZAI,1918,31.0259957293137,69.2123407682586,KILLA SAIFULLAH,False
GBPS SAMAHZAH,1919,30.8239713605157,69.1128878365735,KILLA SAIFULLAH,False
GBPS GHAT ISMAIL ZAI,1920,30.8826181270881,69.0717876597516,KILLA SAIFULLAH,False
GBPS KILLAH ABDULLAH ALIKHAIL,1921,30.6949274998118,68.7550375606076,KILLA SAIFULLAH,False
GBHS AMIR ABAD,1922,30.7290260414462,68.8336055752616,KILLA SAIFULLAH,False
GBPS LAMASK,1923,30.727039733909,68.797929591881,KILLA SAIFULLAH,False
GBPS MALIK ATTA MUHAMMAD,1925,30.8655287070017,69.0524174481334,KILLA SAIFULLAH,False
GBPS TOI WAR,1926,30.8978075973566,68.7437465676275,KILLA SAIFULLAH,False
GBPS PITAO BATO ZAI,1927,30.8631887918091,68.7733390685352,KILLA SAIFULLAH,False
GBPS BATO ZAI N( SARDAR MURAD KHAN),1928,31.105629977729,68.7321383338858,KILLA SAIFULLAH,False
GBHS KAKAR BATO ZAI,1929,30.8671764801033,68.8273190823244,KILLA SAIFULLAH,False
GBPS WALGAI GHARA,1930,30.7207355382781,68.8347750684172,KILLA SAIFULLAH,False
GBPS SHAMSA GHORI ZAI,1931,31.0655998099753,69.1912299811554,KILLA SAIFULLAH,False
GBHS JANO GHORI ZAI,1932,31.0370885769026,69.1956469535706,KILLA SAIFULLAH,False
GBPS SORH GHORI ZAI,1933,31.0311711279253,69.2117818638871,KILLA SAIFULLAH,False
GBHS SHARAN JOGIZAI,1934,31.0383636077612,68.553472622891,KILLA SAIFULLAH,False
GBPS SHARAN JOGIZAI,1935,31.0306549992554,68.5380012436634,KILLA SAIFULLAH,False
GBPS PITAO SHARAN,1936,31.0433274286857,68.577564439442,KILLA SAIFULLAH,False
GBPS BANGLAH MEHRAB KHAN,1937,31.029368720693,68.5314982306797,KILLA SAIFULLAH,False
GBPS ZEENATUL MADARAS,1938,31.036303963342,68.5533656485047,KILLA SAIFULLAH,False
GBPS SANZALI SHARAN,1939,31.0406000849521,68.5619164017548,KILLA SAIFULLAH,False
GBPS KACH KARIM ZAI,1940,31.0421547725547,68.5882764867252,KILLA SAIFULLAH,False
GBMIDS ABDUL KARIM SHARAN,1941,31.034175954018,68.5326384242269,KILLA SAIFULLAH,False
GBPS RAZA SHAH JOGAIZAI,1943,30.6890301229276,68.4404427501576,KILLA SAIFULLAH,False
GBPS TAN SHIAPA,1944,31.2065497641923,68.4681987786505,KILLA SAIFULLAH,False
GBPS OBASHTAI,1945,31.1153919409351,68.1551051082087,KILLA SAIFULLAH,False
GBPS ABDUL BAQI POLAY ZAI,1946,31.0212069908739,68.3443316154274,KILLA SAIFULLAH,False
GBMIDS TOR TANGI,1947,30.9221392159409,67.8203048972591,KILLA SAIFULLAH,False
GBPS KAN ADNAI ZAI,1948,30.9091199381449,67.8154835738599,KILLA SAIFULLAH,False
GBPS MURGHAKAI,1949,30.940738101271,67.8083794952695,KILLA SAIFULLAH,False
GBPS GHUNZA,1950,30.9847652108509,67.8359011739038,KILLA SAIFULLAH,False
GBPS VERZARABA,1951,31.0055442084265,67.696900051223,KILLA SAIFULLAH,False
GBPS ROGHANI,1952,31.0023474480537,67.9019995609702,KILLA SAIFULLAH,False
GBPS MALKHOZ GAI,1953,30.9251167304936,68.0582217015925,KILLA SAIFULLAH,False
GBMIDS BARTH CHEENA,1954,30.9265858864517,67.9816576908363,KILLA SAIFULLAH,False
GBPS LATIF AGHBARGI,1955,30.9193063048776,67.9688019871293,KILLA SAIFULLAH,False
GBPS NAKROZE,1956,30.9547594230132,67.7580497510156,KILLA SAIFULLAH,False
GBPS MANAZAI ANDAR BASE,1957,30.9576261626687,67.7908030561727,KILLA SAIFULLAH,False
GBPS ZARPAN,1958,31.1605047369089,67.7139817741461,KILLA SAIFULLAH,False
GBPS QUTAB SAKHOBI,1959,31.172830219869,67.7071513271763,KILLA SAIFULLAH,False
GBPS SANZALI SHAHBAN,1960,31.1722169620814,67.6728721454819,KILLA SAIFULLAH,False
GBPS SABKAR GHUNDI,1961,31.1545837711553,67.618111067353,KILLA SAIFULLAH,False
GBPS SUR RAGHA,1962,30.8332340857174,67.7113822453136,KILLA SAIFULLAH,False
GBPS MUGHAL CHEENA,1963,31.0210895942691,67.8068739285303,KILLA SAIFULLAH,False
GBPS SALAK,1964,31.0383022124467,67.8324562785054,KILLA SAIFULLAH,False
GBPS MULTANAI,1965,31.0329648288656,67.8397781855762,KILLA SAIFULLAH,False
GBPS BABU CHEENA,1966,31.0346731899013,67.846902465972,KILLA SAIFULLAH,False
GBMIDS ANDAR BASE,1967,30.9596316336793,67.7791644613301,KILLA SAIFULLAH,False
GBPS JADEED MALA KAR,1968,30.8707456295674,67.6214024643165,KILLA SAIFULLAH,False
GBPS SHADO ARGASI,1969,30.9069229683251,67.6083222910014,KILLA SAIFULLAH,False
GBMIDS BADENI,1970,31.5218013971939,67.8392474314894,KILLA SAIFULLAH,False
GBPS TARKHA KAKAR KHURASAN,1971,31.5183803004254,67.6494789357554,KILLA SAIFULLAH,False
GBPS KILLI KHOZAY,1972,31.5102240269538,67.8373464781418,KILLA SAIFULLAH,False
GBPS SARHA CHAHAN,1973,31.3445017560169,67.8233905024732,KILLA SAIFULLAH,False
GBPS MAMA MACHAR ZAI,1974,31.3041882135389,67.7084552523546,KILLA SAIFULLAH,False
GBPS MURGHA MIRZAI,1975,31.2435665212445,67.7087948532922,KILLA SAIFULLAH,False
GBPS LOI BAND,1976,31.2440387359296,67.6045051812266,KILLA SAIFULLAH,False
GBMIDS KAJEER,1977,31.2195144542589,67.4727218133462,KILLA SAIFULLAH,False
GBPS SIRKI KARAIZ,1978,31.17400185951,67.5817789016011,KILLA SAIFULLAH,False
GBPS DABRI AKHTAR MUHAMMAD,1979,31.2174325997716,67.6700036981159,KILLA SAIFULLAH,False
GBPS GARSMALAN,1980,31.1156571979211,67.8875671529386,KILLA SAIFULLAH,False
GBPS TURWA MURGHA,1981,31.1989051614906,67.8007287627642,KILLA SAIFULLAH,False
GBHS MURGHA FAQIR ZAI,1982,31.0524181363295,67.7768101235386,KILLA SAIFULLAH,False
GBHS KOZ KACH,1983,31.0000654576218,67.7948233611722,KILLA SAIFULLAH,False
GBPS ZARA GHAIZ,1984,31.0422992344541,67.7714469023014,KILLA SAIFULLAH,False
GBPS SHARAN MURGHA,1985,31.0590239289554,67.7982036287088,KILLA SAIFULLAH,False
GBPS KHAIR ABAD,1986,31.045285993668,67.8248441222869,KILLA SAIFULLAH,False
GBPS SANGAR MUNIR,1987,31.0445779039108,67.8439089939185,KILLA SAIFULLAH,False
GBPS HAJI PUKAR KHAN,1988,31.0364574327967,67.8472097696834,KILLA SAIFULLAH,False
GBPS KOZH KACH HAJI MUHAMMAD SHAH,1989,30.9999256098569,67.7943886836125,KILLA SAIFULLAH,False
GBPS KOZ KACH HAJI ABDUL REHMAN,1990,30.9940220890473,67.7873388525324,KILLA SAIFULLAH,False
GBMIDS SHINSHOBE,1991,30.956268439087,67.6989711323196,KILLA SAIFULLAH,False
GBPS TAKAI MUHAMMAD SHAFI,1992,30.9632465172117,67.8217864549373,KILLA SAIFULLAH,False
GBPS TANGI MARDANZAI,1993,30.8218305428906,67.7102812582224,KILLA SAIFULLAH,False
GBPS KHATOKA,1995,30.6879522577401,67.7449043580191,KILLA SAIFULLAH,False
GBPS KHIDAR KHAK,1996,30.7527975799807,67.7105257049161,KILLA SAIFULLAH,False
GBPS DAMAR KACH,1997,30.6720055266861,67.7396620792444,KILLA SAIFULLAH,False
GBPS UMRANI,1998,30.7114084821845,67.767300881211,KILLA SAIFULLAH,False
GBPS CHURMA MUHAMMAD YOUSAF,1999,30.6147804298311,67.9788902878428,KILLA SAIFULLAH,False
GBPS SHEIKHAN TALRI,2000,30.6370231393441,67.9653607651035,KILLA SAIFULLAH,False
GBPS SHEIKH DINAK SARGARH,2001,30.6952871842091,67.8441854650711,KILLA SAIFULLAH,False
GBPS BAGH VIALA,2002,30.69174180144,68.117865775314,KILLA SAIFULLAH,False
GBMIDS GHUNDA MANA,2003,30.6360343373144,68.0802911583261,KILLA SAIFULLAH,False
GBPS AMBER GHUNDI,2004,30.8285667565923,67.7816565371082,KILLA SAIFULLAH,False
GBPS AZIZULLAH GHUNDI,2005,30.8264525359068,67.7842590984111,KILLA SAIFULLAH,False
GBHS MUSLIM BAGH,2006,30.8276384048912,67.7377071921142,KILLA SAIFULLAH,False
GBPS MURGHA MARZAGHAN,2007,30.7272415668586,67.8247654485003,KILLA SAIFULLAH,False
GBPS ZAMA SHAHMURAD,2008,30.8331370665827,67.6848511047922,KILLA SAIFULLAH,False
GBPS AKHUNZADA NASRULLAH,2009,30.8424332412202,67.6956743436841,KILLA SAIFULLAH,False
GBHS URGUS,2010,30.8365828894987,67.7012579444214,KILLA SAIFULLAH,False
GBPS SRAHANA PIRZAI URGUS,2011,30.8446544403812,67.6953689150868,KILLA SAIFULLAH,False
GBPS URGASI NASAR,2012,30.8484765238817,67.6663574119428,KILLA SAIFULLAH,False
GBPS ATHALA QAMARDIN,2013,30.8626157297875,67.6472326192145,KILLA SAIFULLAH,False
GBPS KHULGHAI,2014,30.8324421690508,67.6654116051975,KILLA SAIFULLAH,False
GBPS SHAGHAI MURAD KHAN,2015,30.8378597246057,67.641121594223,KILLA SAIFULLAH,False
GBPS OBLOON,2016,30.8378753013406,67.6242006937337,KILLA SAIFULLAH,False
GBPS MANDAK,2017,30.8595165684546,67.7268191569002,KILLA SAIFULLAH,False
GBMIDS WACHA ZAMAH,2018,30.8339321318853,67.6408948635221,KILLA SAIFULLAH,False
GBPS TAMEER NAU MUSLIM BAGH,2019,30.8236804582506,67.7348777070626,KILLA SAIFULLAH,False
GBPS NEW KILLI AFZAL,2020,30.8212083591196,67.7312885921682,KILLA SAIFULLAH,False
GBPS KILLI TABIB,2021,30.8158318088956,67.7124099689748,KILLA SAIFULLAH,False
GBPS KARAIZGAI,2022,30.8183419449247,67.7280704566455,KILLA SAIFULLAH,False
GBPS BANDAT SHINA KHORAH,2023,30.8534897610733,67.9566991088105,KILLA SAIFULLAH,False
GBHS NASAI,2024,30.8129450863637,68.0484200262669,KILLA SAIFULLAH,False
GBMIDS KAZHA MEERZAI,2025,30.806104966999,68.155384430868,KILLA SAIFULLAH,False
GBPS HALEEM ABAD,2026,30.833788365993,68.041013193591,KILLA SAIFULLAH,False
GBMIDS KAZHA KHUDADZAI,2027,30.8401009099378,68.0301741646042,KILLA SAIFULLAH,False
GBPS TASKAI,2028,30.8784954094964,68.0268480059369,KILLA SAIFULLAH,False
GBPS ZAIB ABAD,2029,30.8310591708265,68.0878067969578,KILLA SAIFULLAH,False
GBPS KHOWAJA IMRAN,2030,30.8011871721723,67.9673599497356,KILLA SAIFULLAH,False
GBPS ZARGHAT,2031,30.8794696484207,67.9289663560417,KILLA SAIFULLAH,False
GBPS KOTA SHINA KHORAH,2032,30.8644682293428,67.8731745749729,KILLA SAIFULLAH,False
GBPS ASKHOBI TANGI,2033,30.8984584585136,67.8561566901383,KILLA SAIFULLAH,False
GBPS GAT ADNIA ZAI,2034,30.9274582376035,67.8707710177598,KILLA SAIFULLAH,False
GBPS PIYAR GHUNDA,2035,30.9372844039021,67.8641498834572,KILLA SAIFULLAH,False
GBPS SOHEE,2036,30.751386415907,68.1642886831426,KILLA SAIFULLAH,False
GBPS AGHBARGAI,2037,30.8743087537094,67.6269614280294,KILLA SAIFULLAH,False
GBHS RAGHA SULTANZAI,2038,30.8968357414132,67.6626321195975,KILLA SAIFULLAH,False
GBPS SHAKH BAROZAI,2039,30.9024289366321,67.688549124413,KILLA SAIFULLAH,False
GBMIDS TALRI MUHAMMAD JAN,2040,30.8855288488586,67.7034603668879,KILLA SAIFULLAH,False
GBPS SHANGLOON,2041,30.8964371095022,67.654313916183,KILLA SAIFULLAH,False
GBPS SHINAH MANZAI,2042,30.9007081633246,67.6561694030253,KILLA SAIFULLAH,False
GBPS DHADAR,2043,30.8994578382683,67.6564402094206,KILLA SAIFULLAH,False
GBPS GOHAR KARAIZ,2044,30.9020222585946,67.65929488888,KILLA SAIFULLAH,False
GBPS KOMACH ALLAH NOOR,2045,30.9038999560249,67.6649769344347,KILLA SAIFULLAH,False
GBPS MANKI SULTANZAI,2046,30.884800310116,67.6754858105415,KILLA SAIFULLAH,False
GBPS AGHBARG MULLA MIRZA,2047,30.8838861688194,67.6975013821189,KILLA SAIFULLAH,False
GBPS MUGHAL TALRI,2048,30.8887810025978,67.708779576066,KILLA SAIFULLAH,False
GBPS MALGHUZAR,2049,30.9011433922735,67.714964868543,KILLA SAIFULLAH,False
GBPS KHAZINA,2050,30.9005251218979,67.7380897859586,KILLA SAIFULLAH,False
GBPS SHAHGAI KHAZINA,2051,30.8930643915966,67.7383608472844,KILLA SAIFULLAH,False
GBPS LANDI SULTANZAI,2052,30.8547959881583,67.7077534352814,KILLA SAIFULLAH,False
GBHS SAM KHAIL,2053,30.8307647872371,67.7729970681408,KILLA SAIFULLAH,False
GBPS NEW KILLI SAMKHAIL,2054,30.8402404819179,67.7808650610987,KILLA SAIFULLAH,False
GBPS KILLI SHAISTA KHAN,2055,30.8405751140165,67.7832221969095,KILLA SAIFULLAH,False
GBPS BURAR SAM KHAIL,2056,30.8459927989201,67.789143610286,KILLA SAIFULLAH,False
GBMIDS LOI KARAIZ,2057,30.83336087304,67.7900535255278,KILLA SAIFULLAH,False
GBHS KILLI REHRI,2058,30.8254183790828,67.7355039420625,KILLA SAIFULLAH,False
GBPS KILLI DABO,2059,30.824155533806,67.7381026566797,KILLA SAIFULLAH,False
GBPS JAMIA MASJID MUSLIM BAGH,2060,30.827003567497,67.7408305010301,KILLA SAIFULLAH,False
GBPS KILLI SARGARH,2061,30.823816980705,67.7458976039146,KILLA SAIFULLAH,False
GBPS AGHBARGHAI SARGRAH,2062,30.8213534047909,67.7528388832093,KILLA SAIFULLAH,False
GBPS RAILWAY COLONY,2063,30.8085709844071,67.7417855444711,KILLA SAIFULLAH,False
GBPS SAEED BOGHRA,2064,30.8250039865574,67.7491465381801,KILLA SAIFULLAH,False
GBPS AMBER SAKHOBI,2065,30.8326084799326,67.7505315897169,KILLA SAIFULLAH,False
GBPS LANDI ABDUL RAHIM,2066,30.8260967270308,67.7591387656012,KILLA SAIFULLAH,False
GBPS SHINKI GHARAH,2067,30.8258643102224,67.7618942303694,KILLA SAIFULLAH,False
GBPS MULLA SHAKH,2068,30.8400787491986,67.5671175929095,KILLA SAIFULLAH,False
GBPS SAKHI KHAIL,2069,30.8157925716102,67.6064550096669,KILLA SAIFULLAH,False
GBHS RAGHA BAKALZAI,2070,30.8009215333298,67.5949730373747,KILLA SAIFULLAH,False
GBPS GHATA TEZHA,2071,30.8299057090693,67.5536272593908,KILLA SAIFULLAH,False
GBHS PESHAH BAKALZAI,2072,30.8323953938459,67.5585324396492,KILLA SAIFULLAH,False
GBPS KOZ KACH,2073,30.8370046436252,67.5382840817193,KILLA SAIFULLAH,False
GBPS AZARDBAK,2074,30.8413418858076,67.5293373465618,KILLA SAIFULLAH,False
GBPS SPIN SHAKH,2075,30.8357097159677,67.5174461796919,KILLA SAIFULLAH,False
GBPS WALI KACH,2076,30.817869544616,67.5410760066487,KILLA SAIFULLAH,False
GBPS KATKAH,2077,30.8192244222399,67.5539540684047,KILLA SAIFULLAH,False
GBHS MURGHA BAKALZAI,2078,30.8569275548647,67.5238256573295,KILLA SAIFULLAH,False
GBPS KOZHKAI,2079,30.805890708964,67.5606586713603,KILLA SAIFULLAH,False
GBPS PISHA MORIZAI,2080,30.8229509217279,67.6245373587148,KILLA SAIFULLAH,False
GBPS PINAKAI,2081,30.8321175405668,67.4943727004766,KILLA SAIFULLAH,False
GBPS KACHI FIRDOUS,2082,30.8297357464149,67.5483607731631,KILLA SAIFULLAH,False
GBPS SARANA KAN MEHTERZAI,2083,30.7418509509295,67.5106284888524,KILLA SAIFULLAH,False
GBPS YAQOOBA,2085,30.6807507991878,67.5005473108222,KILLA SAIFULLAH,False
GBPS AOLIYAZAI ABDUL SATTAR,2086,30.7189872193148,67.5500822308923,KILLA SAIFULLAH,False
GBPS IDREES TALRI,2087,30.698011833678,67.5557451569739,KILLA SAIFULLAH,False
GBPS AOLIYAZAI  MUHAMMAD ALI,2088,30.6870006578146,67.5791814174152,KILLA SAIFULLAH,False
GBPS FEROZI KAN,2089,30.7188701826215,67.5786415891713,KILLA SAIFULLAH,False
GBPS SHABIR AHMED FEROZI KAN,2090,30.715888479184,67.5865197198725,KILLA SAIFULLAH,False
GBPS ZAGHLOONA,2091,30.719802540114,67.6209005663696,KILLA SAIFULLAH,False
GBPS HALKI ZAGHLOONA,2092,30.6882087350325,67.6122841303576,KILLA SAIFULLAH,False
GBPS MARPAL,2093,30.6912337615803,67.6375885894647,KILLA SAIFULLAH,False
GBMIDS YAQOOB KARAIZ,2094,30.7297703311444,67.6292390903181,KILLA SAIFULLAH,False
GBHS IKHTIAR KARAIZ,2095,30.6864856319656,67.5270258523155,KILLA SAIFULLAH,False
GBPS SHAHGAI JAMALZAI,2096,30.7499286750134,67.5177386596329,KILLA SAIFULLAH,False
GBPS HUSSAIN ABAD,2097,30.7407088495356,67.5183479485253,KILLA SAIFULLAH,False
GBPS INAYATULLAH,2098,30.7422980010847,67.520936956286,KILLA SAIFULLAH,False
GBPS SHAGAI ABDUL GHAFOOR,2099,30.7332488953096,67.5181936292887,KILLA SAIFULLAH,False
GBPS YASEENAI,2100,30.7582298504016,67.5667505699435,KILLA SAIFULLAH,False
GBPS HAJI YAQOOB TALARI,2101,30.7388916602607,67.5401795455927,KILLA SAIFULLAH,False
GBPS ASOZAI TALARI,2102,30.7435017880447,67.536566550386,KILLA SAIFULLAH,False
GBPS DARA JALAL KHANZAI,2103,30.7694042057654,67.5413819931485,KILLA SAIFULLAH,False
GBPS NEW KILLI JAN MUHAMMAD,2104,30.7403683028754,67.5461931140421,KILLA SAIFULLAH,False
GBPS SARA BAZAL,2105,30.7194063427808,67.4815630500702,KILLA SAIFULLAH,False
GBPS WACH ZAVAR,2106,30.7791292284781,67.555155304063,KILLA SAIFULLAH,False
GBPS MADRASSA KAN MEHTHERZAI,2107,30.7356364992033,67.532575160966,KILLA SAIFULLAH,False
GBPS KILLI ABDUL ALI KHAN,2108,30.7504827013623,67.5223237139568,KILLA SAIFULLAH,False
GBHS KACH MULLA ZAI,2109,30.7927056622734,67.5978989610109,KILLA SAIFULLAH,False
GBPS AJROBA ( WARZH DOBAH),2110,30.6722106721893,67.5482956778946,KILLA SAIFULLAH,False
GBHS KAN MEHTER ZAI,2111,30.73930811607,67.5284399520349,KILLA SAIFULLAH,False
GBPS SPIN KARAIZ,2112,30.7211092577196,67.5671011229842,KILLA SAIFULLAH,False
GBPS SURKAI KARAIZ (KILLI BAREEM KHAN),2113,30.7221904022257,67.5591046009923,KILLA SAIFULLAH,False
GBHS MURGHA MEHTERZAI,2114,30.7347566958434,67.5499336146957,KILLA SAIFULLAH,False
GBPS HUMAHI KARAIZ KAN,2115,30.7270870492836,67.5163276407409,KILLA SAIFULLAH,False
GGMIDS KILLI ALI KHAN,2116,30.8262366404629,67.7327993654969,KILLA SAIFULLAH,False
GGMIDS SAID MUHAMMAD,2117,30.8265909810372,67.7605962493621,KILLA SAIFULLAH,False
GGPS TOOR TANGI,2118,30.9227479653148,67.8236688100629,KILLA SAIFULLAH,False
GGHS RAGHA BAQAL ZAI NO 1,2119,30.8045306987918,67.5946222508398,KILLA SAIFULLAH,False
GGPS YAQOOB KARAIZ,2120,30.7325600352796,67.632313366092,KILLA SAIFULLAH,False
GGPS IDREES TALRI NO 1,2121,30.6957784076395,67.5530377110624,KILLA SAIFULLAH,False
GGHS NASAI,2122,30.8136381953656,68.0440753033282,KILLA SAIFULLAH,False
GGMIDS NAZAR MUHAMMAD,2123,30.7390135865204,67.5220021476349,KILLA SAIFULLAH,False
GGHS KAN MEHTERZAI,2124,30.7464157974461,67.5226935290104,KILLA SAIFULLAH,False
GGPS KILLI TAIMOOR SHAH JOGAZAI,2125,30.6971890743206,68.3849551327164,KILLA SAIFULLAH,False
GGPS USMAN JOGEZAI,2126,30.690439872154,68.3844046445405,KILLA SAIFULLAH,False
GGPS KALO QILLAH,2127,30.6956205672494,68.7377005746059,KILLA SAIFULLAH,False
GGHS QILLAH SAIFULLAH,2128,30.7028510226481,68.3583794893747,KILLA SAIFULLAH,False
GGPS MALGAZAR,2129,30.9021613806172,67.7149844311447,KILLA SAIFULLAH,False
GGPS KILLI ABDUL ALI,2130,30.7422545837569,67.5382947791839,KILLA SAIFULLAH,False
GGMIDS REHRI KILLI,2131,30.8240284538467,67.7357052883349,KILLA SAIFULLAH,False
GGPS HASHIM KHAN,2132,30.842201683676,67.6956373317823,KILLA SAIFULLAH,False
GGPS RAILWAY COLONY,2133,30.7140805511414,68.3537925526621,KILLA SAIFULLAH,False
GGCMPS SARGARH,2134,30.8230050636546,67.7469751546266,KILLA SAIFULLAH,False
GGMIDS KILLI BOGHRA,2135,30.8249623051949,67.7492655070635,KILLA SAIFULLAH,False
GGMIDS SAMKHAIL,2136,30.8312513296314,67.7723315326728,KILLA SAIFULLAH,False
GGPS BABAR SAM KHAIL,2137,30.8437320187309,67.7866992116185,KILLA SAIFULLAH,False
GGHS MUSLIM BAGH,2138,30.8254728439571,67.7384311677429,KILLA SAIFULLAH,False
GGHS URGUS,2139,30.8402622843061,67.6985883105531,KILLA SAIFULLAH,False
GGHS TALRI MUHAMMAD JAN,2140,30.8837150441676,67.7088212216666,KILLA SAIFULLAH,False
GGPS KILLI DHADAR,2141,30.90025389651,67.655155898136,KILLA SAIFULLAH,False
GGHS BANDAT MUSAZAI,2142,30.7022179446064,68.3656977761561,KILLA SAIFULLAH,False
GGPS KACH ALLAH NOOR,2143,30.9037525175212,67.6658598814618,KILLA SAIFULLAH,False
GBHS MUHAMMAD RAFAY,2144,30.7452712277532,67.5182533581253,KILLA SAIFULLAH,False
GBPS  WALI LANDI,2145,30.7901273043401,67.5702477637282,KILLA SAIFULLAH,False
GBPS IMDAD-UL-ALOOM,2147,30.786684050811,68.5956201900017,KILLA SAIFULLAH,False
GBPS HAJI TOOR MALIK,4573,30.7372452449709,68.2630072831785,KILLA SAIFULLAH,False
GBPS WOLGAI KHANDAI,4576,31.5115574630844,67.7690313838336,KILLA SAIFULLAH,False
GBPS OMNEE DOMA,4577,31.4648550493746,67.8729637521517,KILLA SAIFULLAH,False
GBPS TIRKHA KALA KHAN SAFAR KHAN,4578,31.5110273741895,67.7315437165748,KILLA SAIFULLAH,False
GBPS ZHARHI KILLI NASAR,4579,31.4748716189368,67.8949074584461,KILLA SAIFULLAH,False
GBPS MARGHALGAI,4580,31.4988544945215,67.8912639440225,KILLA SAIFULLAH,False
GBPS ZEBA BADINI,4581,31.4648823314763,67.8728452252801,KILLA SAIFULLAH,False
GBMIDS KHANO CHEENA,4582,31.4979810719871,67.9063384025309,KILLA SAIFULLAH,False
GBPS KILLI ALI GUL (GHULAM HAYDER),4583,31.4749081052678,67.8948612918709,KILLA SAIFULLAH,False
GBPS KOHLU CHEENA,8973,30.9801780650381,67.9742916957174,KILLA SAIFULLAH,False
GBPS CHONGI KARAIZ,8974,31.0228170530286,67.7610769914715,KILLA SAIFULLAH,False
GBPS RASOOL CHUKI,8975,31.2174129625809,67.4342669632195,KILLA SAIFULLAH,False
GGPS SPIN KARAIZ,8977,30.7203740008052,67.5680712872534,KILLA SAIFULLAH,False
GGMIDS GOHAR KARAIZ,8978,30.9015121408548,67.6595589558091,KILLA SAIFULLAH,False
GBPS KHOSAIA,8979,30.686423985601,67.5415348702399,KILLA SAIFULLAH,False
GBMIDS CHEENA BARAT KHAIL,8981,30.6352002199551,68.8129426126943,KILLA SAIFULLAH,False
GBMIDS HAQDAD ALO ZAI,8982,30.6744565050634,68.5899527232979,KILLA SAIFULLAH,False
GBPS KILLI AMIR JAN,8983,30.7628908869574,68.2472393957658,KILLA SAIFULLAH,False
GBPS ISMATULLAH JALAL ZAI,8984,30.7486694217145,68.2636608997791,KILLA SAIFULLAH,False
GBPS TURVA CHONGI BATOZAI,8985,30.9180621928027,68.9105446696555,KILLA SAIFULLAH,False
GBPS TALAG HAIDER ZAI,8986,30.7728498895817,68.9317536049444,KILLA SAIFULLAH,False
GGPS GURSAYA,8987,30.8316333064751,67.7856920274335,KILLA SAIFULLAH,False
GBPS KILLI ABDUL SALAM,9448,30.9820659410133,69.0926013441678,KILLA SAIFULLAH,False
GBPS ROZATUL ALOOM,9449,30.7085038974157,68.7979931727904,KILLA SAIFULLAH,False
GBPS RAGHA AKHTAR ZAI,9450,30.6758335549924,68.5518852303149,KILLA SAIFULLAH,False
GBPS MOROZAI,9451,30.7349240856886,68.8755360848897,KILLA SAIFULLAH,False
GBPS KILLAH ALOZAI,9452,30.6776437096721,68.6287905129826,KILLA SAIFULLAH,False
GBPS QUTUB CHEENA,9453,31.4947188872542,67.9172595547683,KILLA SAIFULLAH,False
GBPS KAZHA MIR ZAI,9455,30.8035479262755,68.160782645292,KILLA SAIFULLAH,False
GBPS TARAGI,9456,30.6462141459624,67.9961068840217,KILLA SAIFULLAH,False
GBPS DARGAI,9457,30.9035346854108,67.6638285961081,KILLA SAIFULLAH,False
GBPS MADINAT-UL-ALOOM MUSLIM BAGH,9459,30.8303373174346,67.7516184447715,KILLA SAIFULLAH,False
GBPS CHARGA AZGHOMAI,9460,30.8691245392277,67.6355970086406,KILLA SAIFULLAH,False
GGPS ZAMA SHAH MURAD,9461,30.8309062102255,67.6817621806323,KILLA SAIFULLAH,False
GGMIDS NAWA KILLI,9462,30.8237037150447,67.7297288414716,KILLA SAIFULLAH,False
GGPS KILLI OBLOON,9463,30.8418549957551,67.6204839792132,KILLA SAIFULLAH,False
GGPS SHAHGAI,9464,30.7326963506382,67.5173781230107,KILLA SAIFULLAH,False
GGPS DARA JALAL KHANZAI,9465,30.7672528591317,67.5417989031754,KILLA SAIFULLAH,False
GGCPS SARANA KAN MEHTERZAI,9467,30.7416212121473,67.516611748781,KILLA SAIFULLAH,False
GGPS MURGHA FAQIRZAI,9468,31.0544477898182,67.7762004763267,KILLA SAIFULLAH,False
GGMIDS AMBAR GHUNDI,9469,30.8274516552743,67.7824666836731,KILLA SAIFULLAH,False
GGPS SHAKH BAROZAI,9470,30.9023934275432,67.6882060083397,KILLA SAIFULLAH,False
GGMIDS LOI KARAIZ,9471,30.834513213928,67.7885348308258,KILLA SAIFULLAH,False
GGPS KHAZINA,9472,30.8962649745798,67.7397034278714,KILLA SAIFULLAH,False
GGPS AMBAR SAKHOBI,9473,30.8340774136974,67.7547349512272,KILLA SAIFULLAH,False
GBPS SADOO TORAK,9699,30.9979265619519,67.8623559896258,KILLA SAIFULLAH,False
GBPS ALI RAGHA SHINSHOOB,9700,30.9563814450646,67.6990455330547,KILLA SAIFULLAH,False
GGPS GUL MUHAMMED KARAIZ GAI,9702,30.8134761715719,67.71620963955,KILLA SAIFULLAH,False
GGPS KILLI MAKHAY ADA,9703,30.7383804510656,67.554913262903,KILLA SAIFULLAH,False
GGPS ANDAR BAS,10271,30.9238940661364,67.8231459525048,KILLA SAIFULLAH,False
GGPS COMMUNITY  AGBARGAI WALA,10272,30.8705583220402,67.621678748679,KILLA SAIFULLAH,False
GGPS RAGHA BAKALZAI NO 2,10273,30.8065732047266,67.5967044295876,KILLA SAIFULLAH,False
GGMIDS KILLI BABO KHAIR MUHAMMAD,10274,30.8228616491734,67.7399025244521,KILLA SAIFULLAH,False
GGPS WACHA ZAMA,10275,30.8364906465948,67.6383673887168,KILLA SAIFULLAH,False
GGPS BAHADUR WAL,10276,30.8241560555514,67.7256498013488,KILLA SAIFULLAH,False
GGPS KACH MALA ZAI,10277,30.7881175985776,67.6046092285646,KILLA SAIFULLAH,False
GGPS KILLI SANZALI,10506,30.8048109507303,67.5885915996291,KILLA SAIFULLAH,False
GGHS KOOZ KACH,10507,31.0060025949998,67.7988856534494,KILLA SAIFULLAH,False
GGMIDS ESSA ABAD MUSAZAI,10508,30.6978635258568,68.3512168150101,KILLA SAIFULLAH,False
GGPS ASOZAI FEROZI KAN,10509,30.7264559711242,67.5849276894843,KILLA SAIFULLAH,False
GGPS SHADO URGASI,10510,30.9045723814699,67.6083361466108,KILLA SAIFULLAH,False
GGPS SHAH MUHAMMAD AMIR ABAD,10511,30.7342839009408,68.8272464634443,KILLA SAIFULLAH,False
GGPS MULA SHAKH,10967,30.8414024411021,67.5658363424738,KILLA SAIFULLAH,False
GGPS KILLI SANGER,10968,30.6698953484351,67.5254621700742,KILLA SAIFULLAH,False
GGPS USMAN MIRZAI,11082,30.7124299086746,68.3008041191014,KILLA SAIFULLAH,False
GGPS SHER ABAD NASAI,11088,30.8137167308223,68.0765505141514,KILLA SAIFULLAH,False
GGPS ZERLO SHAGAI,11090,30.7880548685919,67.5682952411273,KILLA SAIFULLAH,False
GBPS KILLI RASALDAR MAJOR,11753,30.7526103584273,68.2464844176262,KILLA SAIFULLAH,False
GBPS  MUHAMMAD SADDIQUE JOGAIZAI,11754,30.6981764797574,68.3357983256915,KILLA SAIFULLAH,False
GBPS KILLI YAR MUHAMMAD,11755,30.7719574298029,68.2100024508349,KILLA SAIFULLAH,False
GBPS SHINGLOONA MUSA ZAI,11756,30.6049419251181,68.2815164334279,KILLA SAIFULLAH,False
GBPS KILLI NIKO,11757,30.7601729440619,68.2759528091005,KILLA SAIFULLAH,False
GGPS BAQI KARAIZGAI,11758,30.8182610875852,67.7277575425831,KILLA SAIFULLAH,False
GGPS KILLI NAZAR KHAN,11759,30.7655760100619,68.2435967816448,KILLA SAIFULLAH,False
GBPS DOHERA MARYAN,11760,30.8527214959887,69.0288712012835,KILLA SAIFULLAH,False
GBPS ABDUL QADAR BATOZAI,11761,30.7837153965269,68.1759933559799,KILLA SAIFULLAH,False
GBPS KILLI HASSAN ZAI,11762,30.7308864294329,68.2967120165231,KILLA SAIFULLAH,False
GGMIDS KILLI BEHAR WAL,11763,30.7137601774907,68.3656826467859,KILLA SAIFULLAH,False
GGPS KHULGAI BARAN,11764,30.6995373063608,68.6810918069091,KILLA SAIFULLAH,False
GGPS AYUB ABAD,11765,30.7554907655107,68.1780199899921,KILLA SAIFULLAH,False
GGMIDS KILLI JAHANGIR ABAD,11766,30.693596746142,68.3460427611967,KILLA SAIFULLAH,False
GGMIDS WALGAI GHARA,11767,30.7212277889288,68.8347361536761,KILLA SAIFULLAH,False
GGPS DASMAL ALOZAI,11768,30.676995989118,68.5782238787798,KILLA SAIFULLAH,False
GGPS RABAT KARAIZ,11769,30.7139055506278,68.3535605592297,KILLA SAIFULLAH,False
GGPS LANDI SHAH,11770,30.8295046059009,67.6948237199105,KILLA SAIFULLAH,False
GGPS ASSOZAI TALARI,11771,30.7400623190447,67.5452404648315,KILLA SAIFULLAH,False
GGPS SHANGLOON KARAIZ,11772,30.8965836074836,67.6537946637564,KILLA SAIFULLAH,False
GGPS HAJI YAQOOB TALRI,11773,30.7366853637784,67.5413017128459,KILLA SAIFULLAH,False
GGPS ATTALLA,11774,30.8566620372013,67.6803569413586,KILLA SAIFULLAH,False
GGPS IDREES NO 2,11775,30.697927288804,67.5576102148446,KILLA SAIFULLAH,False
GBPS MULLA KAMAL,11776,30.7501360753989,68.2156665881826,KILLA SAIFULLAH,False
GBPS KARAIZ AKHTAR ZAI,11778,30.6840411976566,68.4935945031898,KILLA SAIFULLAH,False
GGPS NAGHAZA,11779,30.6979126854267,67.843515084494,KILLA SAIFULLAH,False
GGMIDS MAKHAI KARAIZ,11780,30.7345991581819,67.5547804288139,KILLA SAIFULLAH,False
GGPS KHADAR KHAKH,11781,30.753188266679,67.7111935218047,KILLA SAIFULLAH,False
GGPS SIRKI KARAIZ,11921,30.7223008085174,67.5590343612233,KILLA SAIFULLAH,False
GGPS HALKI ZAGHLONA,12365,30.6893117852867,67.6124656600642,KILLA SAIFULLAH,False
GGMIDS KHULGAI SALAM,12366,30.6859100415784,68.6737792420507,KILLA SAIFULLAH,False
GGPS KILLI AKHTARZAI BAH,12368,30.6806377626454,68.5096244763377,KILLA SAIFULLAH,False
GGPS KILLI NAIKO,12369,30.7608730447508,68.2757475813174,KILLA SAIFULLAH,False
GGPS KILLI KAREZ MUSAZAI,12370,30.7224286992879,68.368397887276,KILLA SAIFULLAH,False
GGPS HABIB ABAD,12371,30.7614086751773,68.3151252893311,KILLA SAIFULLAH,False
GGPS KILLI SHER KHAN,12372,30.7043650323304,68.311475208351,KILLA SAIFULLAH,False
GBPS KILLI GHULAM MUHAMMAD MIRZAI,12373,30.7034333379157,68.3126054943635,KILLA SAIFULLAH,False
GBPS ABDUL JABBAR MIRZAI,12699,30.7495305199479,68.287751331047,KILLA SAIFULLAH,False
GBPS FAIZUL HAQ,12701,30.7530210227471,68.2346165703433,KILLA SAIFULLAH,False
GBPS HUMAYUN JOGEZAI,12702,30.7246530248701,68.2741824673747,KILLA SAIFULLAH,False
GBPS ABDUL QAYOOM MIRZAI,12703,30.7602267867472,68.2193880339002,KILLA SAIFULLAH,False
GBPS MUHAMMAD AZEEM PAIZAI,12704,30.7427982739858,68.390740994957,KILLA SAIFULLAH,False
GBPS IZAJA,12705,30.7445651376248,68.2961688936153,KILLA SAIFULLAH,False
GBPS BISMILLAH MULAZAI,12706,30.7582895189854,68.2661207070003,KILLA SAIFULLAH,False
GBPS AGHBERG ALLAH DAD ZAI,12707,30.6707685865629,68.433470386585,KILLA SAIFULLAH,False
GBPS ALIF MIRZAI,12708,30.7266226932969,68.2865401277605,KILLA SAIFULLAH,False
GBPS PITAO GHAIBZAI,12709,30.8460002961783,68.6696390399849,KILLA SAIFULLAH,False
GBPS TAHMAL,12710,30.6862353630292,68.5605765909377,KILLA SAIFULLAH,False
GBPS NAWAB QILLAH JOGEZAI,12711,30.6958028316794,68.3824784544934,KILLA SAIFULLAH,False
GBPS TANGA MARIPAL,12734,30.6980487801316,67.6288220050346,KILLA SAIFULLAH,False
GBPS NEW YAQOOB KARAIZ,12735,30.7421057129742,67.648015395853,KILLA SAIFULLAH,False
GBPS YUNAS ABAD,12736,30.8563250862857,67.677809826007,KILLA SAIFULLAH,False
GBPS SARAZDOUBA,12737,30.6588351895548,67.8866781188905,KILLA SAIFULLAH,False
GBMIDS SARAGHARA,12738,30.8120230759758,67.6179094918848,KILLA SAIFULLAH,False
GBHS SHINA KHORA,12739,30.8583123337101,67.8938488066569,KILLA SAIFULLAH,False
GBPS MUHAMMAD TAHIR KHUSTIZAI,12740,30.6973753294967,68.3611176512931,KILLA SAIFULLAH,False
GBPS KAZA BAYNA,12743,30.6572851898403,68.0405597986579,KILLA SAIFULLAH,False
GBPS MUHAMMED AKBAR KHAN,12803,30.6870984472176,68.5338414953919,KILLA SAIFULLAH,False
GBPS KHAN MUHAMMED KAZHA MIRZAI,12804,30.7420817821706,68.2315064991094,KILLA SAIFULLAH,False
GBPS MUHAMMAD AFZAL SHEENA,12815,30.7400971584684,68.314743431292,KILLA SAIFULLAH,False
GGPS RAGHA JALAL ZAI,12817,30.6967829650315,68.3302698804732,KILLA SAIFULLAH,False
GBPS MULLA MUSTAFA,12818,30.7533132223865,68.1846048211895,KILLA SAIFULLAH,False
GBPS SARDAR ALI MUHAMMAD MIRZAI,12872,30.8096268094171,68.0880616140399,KILLA SAIFULLAH,False
GBPS KILLI HAJI NAWAB KHAN MANZAI,12901,30.7435234180769,68.2621262144536,KILLA SAIFULLAH,False
GBPS KILLI KASHMIR VIALA,12902,30.6986379745836,68.392062414696,KILLA SAIFULLAH,False
GBPS KILLI BABU CHEEN,12903,31.0351298048403,67.8470599566151,KILLA SAIFULLAH,False
GBPS KAKRAN MUSLIM BAGH,12904,30.8462199482235,68.0531628527494,KILLA SAIFULLAH,False
GBPS KILLI KHOSTI,12926,30.6743184405659,68.4746911090643,KILLA SAIFULLAH,False
GBPS KILLI ABDULLAH JAN,12927,30.7099702513231,68.3019198372858,KILLA SAIFULLAH,False
GGPS SARA KHOLA,13176,30.7489800056293,67.5203396108067,KILLA SAIFULLAH,False
GGPS SHAGAI PAIZAI,13177,30.7424432496535,68.3853855319189,KILLA SAIFULLAH,False
GGPS SPIN SHAH FEROZI KAN,13178,30.7243639385999,67.576440779798,KILLA SAIFULLAH,False
GGMIDS SHINNA KHORA NO.1,13179,30.8660012277632,67.8808802384164,KILLA SAIFULLAH,False
GGPS SHANKI,13182,30.6927085010721,68.3503176041855,KILLA SAIFULLAH,False
GGPS KILLI ZARGHOON MIRZAI,13183,30.7400037495296,68.2635301237072,KILLA SAIFULLAH,False
GGPS KARAIZ MUSA ZAI,13184,30.7222542423858,68.3685122591284,KILLA SAIFULLAH,False
GGPS HAMAND ZAI,13185,30.6980581175154,68.3214518916924,KILLA SAIFULLAH,False
GGPS KILLI KHARKARAN,13186,30.71339552936,68.3287258247625,KILLA SAIFULLAH,False
GGPS TAJ MUHAMMAD AMIR ABAD,13187,30.7330043680451,68.8349545112492,KILLA SAIFULLAH,False
GGPS SORY ATTALA,13188,30.8628783924538,67.6455391170457,KILLA SAIFULLAH,False
GGPS SHEIKHAN TALRI,13189,30.6371325494171,67.9653257336047,KILLA SAIFULLAH,False
GGPS JADEED KAD,13190,30.8418548442027,67.5299476993318,KILLA SAIFULLAH,False
GGPS KHATOOKA,13191,30.6861066659597,67.7475486281949,KILLA SAIFULLAH,False
GGPS MANDAKAI,13192,30.8847859445342,67.675842775144,KILLA SAIFULLAH,False
GGPS GAT SHAH ALAZAI,13193,30.9311209673593,67.8689592099892,KILLA SAIFULLAH,False
GGPS KAZAH BAYANA,13194,30.7943077694648,67.5850477727737,KILLA SAIFULLAH,False
GGPS GHATA THEZA,13195,30.8266482457848,67.5450966725484,KILLA SAIFULLAH,False
GGPS YASEENI,13196,30.7604152814214,67.5700965569166,KILLA SAIFULLAH,False
GGPS MUHAMMAD SIDDIQ JOGGIZAI,13197,30.6983727312816,68.3359080806429,KILLA SAIFULLAH,False
GGPS USMAN MIRZAI,13349,30.7123992959851,68.3006121484262,KILLA SAIFULLAH,False
GGPS KILLI SUNGER AKHTEYAR KARAIZ,14275,30.6687409416392,67.5232703326273,KILLA SAIFULLAH,False
GGPS KOZ KACH,14276,30.8009339725548,67.570439786838,KILLA SAIFULLAH,False
GBPS ABDUL SAMAD MIRZAI,14328,30.8172037188126,68.0445487549702,KILLA SAIFULLAH,False
GBPS IBRAHIM KHAN BALOZAI,14329,30.7004102810294,68.3462172946469,KILLA SAIFULLAH,False
GBPS KUNDER,14330,31.2695589800637,68.3894599528828,KILLA SAIFULLAH,False
GBPS ASMAT ABAD,14331,30.822021489745,68.0999652722162,KILLA SAIFULLAH,False
GGPS ABDUL KARIM MIRZAI,14444,30.7311482896052,68.3277559753403,KILLA SAIFULLAH,False
GBPS DOCTOR ABDUL ALI,14445,30.6930217544943,68.7421830269036,KILLA SAIFULLAH,False
GBPS SAEED ABAD,14446,30.8831997706287,69.1029803489655,KILLA SAIFULLAH,False
GBPS SARDAR HAYAT BATOZAI,14447,30.8755951942144,68.8772636826306,KILLA SAIFULLAH,False
GBPS KILLI NANAK MAIZAI,14448,30.7423757476587,68.2848233756915,KILLA SAIFULLAH,False
GBPS ABDUL WAHAB,14450,30.7672368267174,68.1887179249555,KILLA SAIFULLAH,False
GBPS TALAQUE HAIDERZAI,14451,30.7806135532196,68.9306777025777,KILLA SAIFULLAH,False
GBPS HAJI ABDUL HAQ,14452,30.7822444073923,68.5090848325501,KILLA SAIFULLAH,False
GBPS KABUL RAGHA,14474,30.6861507250787,68.612111937345,KILLA SAIFULLAH,False
GBPS KILLI HAJI MUHAMMAD KHAN SHALAY ZAI,14476,30.7674918989565,68.2589994009287,KILLA SAIFULLAH,False
GBPS MUHAMMAD YAR,14490,30.7674544234454,68.2570266427164,KILLA SAIFULLAH,False
GBPS SUR RAGHA,14491,31.0302743648097,67.8159831544465,KILLA SAIFULLAH,False
GBPS MADRASSA IMDAD-UL-ALOOM,14497,30.8182183176825,67.7606531761635,KILLA SAIFULLAH,False
GBPS MADRASA HABIBIA NAWA KILLI MUSLIM B,14498,30.8254977625218,67.7280431779139,KILLA SAIFULLAH,False
GBPS NASRUL ULOOM,14503,30.8442797633997,67.6989808823138,KILLA SAIFULLAH,False
GBPS MADRASA ARABIA NOOR UL QURAN,14554,30.8240278361709,67.7415679972258,KILLA SAIFULLAH,False
GBPS MUHIB ABAD,14557,30.7948333543617,67.6014181967263,KILLA SAIFULLAH,False
GBPS MOLVI SHAN DIN,14558,31.0527455942756,69.1496603980346,KILLA SAIFULLAH,False
GBPS KILLI JUMA RAHIM,14560,30.7663302795648,68.9228106603715,KILLA SAIFULLAH,False
GBPS KILLI SADA GUL,14562,31.4546092365668,67.7196748077252,KILLA SAIFULLAH,False
GBPS MURGHA JOR JORI,14563,31.2662184186281,68.0160118979454,KILLA SAIFULLAH,False
GBPS SAMOZ KARAIZ,14564,31.5075622557869,67.8484897325889,KILLA SAIFULLAH,False
GGPS SAFAR KHAN,14565,31.5114703684672,67.7317997014053,KILLA SAIFULLAH,False
GBPS KARI WARI,14566,31.0388834522308,68.5723291276064,KILLA SAIFULLAH,False
GBPS KILLI BARD MALEZAI,14567,31.4378581771319,67.7919400901753,KILLA SAIFULLAH,False
GBPS KHAWAJ MUHAMMED SUMEZAI,14568,30.9387531395431,69.1346368531392,KILLA SAIFULLAH,False
GBPS MOLVI BASHIR AHMED,14569,30.9900998295429,69.1742186801434,KILLA SAIFULLAH,False
GBPS HAJI NAZAR KHAN,14570,30.873417693136,69.0915547041219,KILLA SAIFULLAH,False
GBPS MOLVI ANWAR UD DIN,14571,30.8615002825813,69.0385859550087,KILLA SAIFULLAH,False
GBPS KILLI HAJI MUHAMMED HASHIM,14572,30.7337892182414,68.3581068297812,KILLA SAIFULLAH,False
GBPS IMDAD UL ULOOM YAR MUHAMMED,14600,30.7354930493482,68.2342910059271,KILLA SAIFULLAH,False
GBPS MADRASA MOLVI FAZAL DAD,14601,30.8414177441751,68.6504174276975,KILLA SAIFULLAH,False
GBPS MADRASA MUHAMMED ESSA,14602,30.8430044798115,68.7433100555703,KILLA SAIFULLAH,False
GBPS KILLI MALKAN,14667,30.7503165863206,68.2155658574485,KILLA SAIFULLAH,False
GBPS MOLVI ABDUL WASAY ( NALI MIAN ),14668,30.828501805334,68.8392829352982,KILLA SAIFULLAH,False
GBPS BATOZAI,14669,30.8977934610277,68.7437434622132,KILLA SAIFULLAH,False
GBPS BANDAT AKHTAR ZAI,14670,30.6780392803991,68.5395506540202,KILLA SAIFULLAH,False
GBPS ZARHA GHARHA,14671,31.0521754925005,68.5990832910351,KILLA SAIFULLAH,False
GBPS KILLI THANA AKHTAR ZAI,14673,30.6710067871579,68.4940636891202,KILLA SAIFULLAH,False
GBPS MOLA DAD KILLI DARGAI,14730,30.7768530001111,68.9856631766606,KILLA SAIFULLAH,False
GBPS KILLI MULLA MUSA KALEEM,14731,30.9053020184499,69.0871118775998,KILLA SAIFULLAH,False
GBPS NAZAR SHAH PATOZAI,14733,30.7720703618606,68.2037480070091,KILLA SAIFULLAH,False
GBPS KILLI FAZAL KARAM,14734,30.8776460524131,69.0547269034805,KILLA SAIFULLAH,False
GBPS QAID ABAD,14735,30.823150703064,68.0953061177796,KILLA SAIFULLAH,False
GBPS ABDUL SALAM,14736,30.7949433795737,68.3180848627598,KILLA SAIFULLAH,False
GGPS AKHTAR ZAI,14737,30.6815952982771,68.5106520840117,KILLA SAIFULLAH,False
GBPS MALIK ABDUL RAZAQUE,14739,30.8218211011399,68.0893375838338,KILLA SAIFULLAH,False
GBPS KILLI MOLVI KASHMEER NASAI,14788,30.8489466780164,68.0388035399404,KILLA SAIFULLAH,False
GBPS DILDAR SAKHOOBI,14789,31.0279567449979,67.7597059157598,KILLA SAIFULLAH,False
GBPS KILLI SOOY ZAIRAT,14790,30.9613281577087,67.8069594932378,KILLA SAIFULLAH,False
GBPS MADRASSA ANDER BAIS,14791,30.9580976332202,67.8012199015327,KILLA SAIFULLAH,False
GBPS NAZAR GANGAL,14792,31.0317952216136,67.8183217417388,KILLA SAIFULLAH,False
GBPS ABDUL QAYUM KAZHA MIRZAI,14793,30.8286065555071,68.1546961172255,KILLA SAIFULLAH,False
GBPS HAJI LAHORE,14794,30.8177972035429,68.1192155349084,KILLA SAIFULLAH,False
GBPS MUHAMMED DUNYA ZAI,14795,30.8183162819321,68.0428031683718,KILLA SAIFULLAH,False
GBPS NALI RUSTAM ZAI,14796,30.6341479987223,68.910055264612,KILLA SAIFULLAH,False
GBPS SHER ABAD,14798,30.813721816984,68.0766089090974,KILLA SAIFULLAH,False
GBPS SHAZ ALI KHUDAI DOST,14799,31.0549456688401,67.7852655910159,KILLA SAIFULLAH,False
GBPS SHARAN ADDINA ZAI,14800,30.9350677689692,68.0167337382317,KILLA SAIFULLAH,False
GBPS KILLI HANAN SARA SHAH,14801,30.8491508588669,67.9452210361842,KILLA SAIFULLAH,False
GBPS KILLI HAJI ABDUL GHAFOOR,14802,30.6828343077226,68.5193382938204,KILLA SAIFULLAH,False
GBPS MADRASA NOOR UL QURAN,14804,30.8239534595251,67.7414151507834,KILLA SAIFULLAH,False
GBPS YAKHI,14806,30.7764967900763,68.0350177686632,KILLA SAIFULLAH,False
GBPS HAJI GHANI,14807,30.8234912833406,67.7626767898231,KILLA SAIFULLAH,False
GBPS MUHAMMAD KHAN KHATOO,14808,30.7770169168775,68.1814793323283,KILLA SAIFULLAH,False
GBPS QAID ABAD NASAI ABDUL MAJEED,14809,30.8182657623963,68.0430140373145,KILLA SAIFULLAH,False
GGPS KILLI NOOR MUHAMMED,14810,30.7281575663442,67.5502084586657,KILLA SAIFULLAH,False
GBPS TORA SHAH,14811,30.8157111333411,67.712409841465,KILLA SAIFULLAH,False
GBPS KAZHA ABDUL RASHEED,14812,30.7912397135348,68.1451711389578,KILLA SAIFULLAH,False
GBPS MALIK ABDUL RAZZAQ,14813,30.8219075156932,68.0894464573585,KILLA SAIFULLAH,False
GBPS KILLI HAJI ABDUL ZAHIR,14814,30.8202678555455,67.7396609199257,KILLA SAIFULLAH,False
GBPS ZARBANOO KACH,14815,31.0569772239187,68.6091710018754,KILLA SAIFULLAH,False
GBPS SARKI SARA SHAH,14816,30.8745565982349,68.0136029999041,KILLA SAIFULLAH,False
GBPS MADRASA ZARA GHAIZ,14817,31.0480197316154,67.7755646519806,KILLA SAIFULLAH,False
GBPS TANGI WAR,14818,30.8875393257498,68.0615305871183,KILLA SAIFULLAH,False
GBPS MUNIR ABAD,14819,30.8254144843552,68.1708637302634,KILLA SAIFULLAH,False
GBPS KILLI MANSOOR ABAD,14821,30.7023808517923,68.3569190887072,KILLA SAIFULLAH,False
GBPS KILLI MIRZA KHAN,14822,30.7442351623077,68.3595374305047,KILLA SAIFULLAH,False
GGPS KILLI MALIK KHATO,14823,30.7771595838265,68.1818391657938,KILLA SAIFULLAH,False
GBPS KILLI AKHTAR ZAI,14825,30.6574741919088,68.49985040118,KILLA SAIFULLAH,False
GBPS YOUNAS ABAD,14827,30.8443403907269,67.6991714480501,KILLA SAIFULLAH,False
GGPS SHARAN JOGAZAI,14828,31.0307693700399,68.5380917024715,KILLA SAIFULLAH,False
GGPS NEW BHAHDUR WALA,15118,30.6927468003164,68.4027013561339,KILLA SAIFULLAH,False
GBPS KILLAH MOLVI AMIR MUHAMMAD,15230,30.6908335585475,68.7185771895391,KILLA SAIFULLAH,False
GBPS MOLVI AMIR MUHAMMAD NASAI,15231,30.8610846741963,68.0470889401968,KILLA SAIFULLAH,False
GBPS MADRASSA ZIA-UL-ALOOM,15232,30.6376826977983,68.0976093980388,KILLA SAIFULLAH,False
GBPS MADRASSA SAIDO,15233,30.6986749812672,68.359937494083,KILLA SAIFULLAH,False
GBPS GULLA KHAN SEEBZAI,15235,30.8635923175677,68.7471803771925,KILLA SAIFULLAH,False
GBPS MADARASSA NISHPA,15236,30.6418378277477,68.4538531229064,KILLA SAIFULLAH,False
GBPS NASEEM ABAD NASAI,15237,30.8385152613544,68.073232417049,KILLA SAIFULLAH,False
GBPS PARAZONE NASAI,15238,30.8287933031695,68.0975880214263,KILLA SAIFULLAH,False
GBPS MALIK JALO HAIDER ZAI,15240,30.7728448859354,68.9317193561966,KILLA SAIFULLAH,False
GBPS MADRASSA GAWAL ISMAIL ZAI,15241,30.8634980373983,69.0595083504304,KILLA SAIFULLAH,False
GBPS BAKHT MUHAMMAD,15342,30.8272860256326,67.7262829309466,KILLA SAIFULLAH,False
GGPS KILLI RAFIULLAH MEHTERZAI,15478,30.7493652042357,67.5234434702137,KILLA SAIFULLAH,False
GBPS KILLI NAWABZADA ASHRAF KHAN JOGEZAI,15479,30.6937538188599,68.5052502894948,KILLA SAIFULLAH,False
GGPS MUHALLAH HAJI KHANO MUTAKHAIL,15480,30.7042668941467,68.3579578657526,KILLA SAIFULLAH,False
GGPS KILLI SHINKI GARAH MALIK KHUDAEDAD,15481,30.8257075882602,67.7643773689043,KILLA SAIFULLAH,False
GBPS SAIFULLAH CHEENA,15670,30.8850574532937,69.057573515442,KILLA SAIFULLAH,False
GBPS MURAD ABAD,15671,30.8415770115238,68.0599363475154,KILLA SAIFULLAH,False
GBPS GOND CHEENA,15672,30.6442580241361,67.925764302038,KILLA SAIFULLAH,False
GBPS NAKROZ MARDANZAI,15673,30.9521950002163,67.7545435547923,KILLA SAIFULLAH,False
GBPS AGHBARGAI NASR-UD-DIN KAKAR,15674,30.6226121942273,68.1692258834352,KILLA SAIFULLAH,False
GBPS MADRASSA USMANIA,15675,30.697036777934,68.3618038280059,KILLA SAIFULLAH,False
GBPS KILLI GUL MUHAMMAD KANCHOGAI,15676,30.8114952613576,67.5978719532759,KILLA SAIFULLAH,False
GBPS HAJI NOOR MUHAMMAD HALEEMZAI,15677,30.8626860262909,68.015313477642,KILLA SAIFULLAH,False
GBPS JANABAD MANDAK,15678,30.8435269608284,67.7315261126999,KILLA SAIFULLAH,False
GBPS DIN MUHAMMAD NASAI,15679,30.8427004537894,68.0425243303164,KILLA SAIFULLAH,False
GBPS SOBDAR DOULATZAI,15680,30.8137849685974,68.5927374315691,KILLA SAIFULLAH,False
GBPS MADRASSA MOLVI NAFFAY,15681,30.6985766942221,68.3715931366108,KILLA SAIFULLAH,False
GGPS KILLI KARIM DAD BANDAT KHOSTI,15740,30.6744953259622,68.4735036690048,KILLA SAIFULLAH,False
GGPS KANCHOGHI MURGHA BAKULZAI,15742,30.8028672778733,67.5706989209805,KILLA SAIFULLAH,False
GGMIDS KILLI JHANGEER MUSLIM BAGH,15743,30.8263621582746,67.7266505127235,KILLA SAIFULLAH,False
GBPS GWAL ISMAIL ZAI CHEENA KAREZ SHEIKH,15744,31.0386208918979,68.5411999667145,KILLA SAIFULLAH,False
GBPS SOGHI ALLAH DAD ZAI,15745,30.6789530757355,68.4895300955376,KILLA SAIFULLAH,False
GBPS JALAUDIN MERZAI,15936,30.7610920750076,68.1711008293759,KILLA SAIFULLAH,False
GBPS KILLI MALIK SYED MOHAMMAD JALALZAI,15938,31.4855808381466,67.9378780274298,KILLA SAIFULLAH,False
GBPS KILLI ESSA ABAD MUSA ZAI,15939,30.6980599334855,68.35096164096,KILLA SAIFULLAH,False
GGPS LWARA NEW DAMAN SULTANZAI MUSLIM BAGH,15940,30.8557665208348,67.7089061360971,KILLA SAIFULLAH,False
GBPS KILLI MULAVI ABDUL BAQI TOR DAMAN,15941,30.8450083477411,67.7155308292971,KILLA SAIFULLAH,False
GBPS DARGAI GOWAL,16179,30.8456120781196,69.04520209403,KILLA SAIFULLAH,False
GGPS KILLI ZIARAT YAR MUHAMMAD,16269,30.8251534413868,68.063794528544,KILLA SAIFULLAH,False
GGPS Killi Wachzar,16270,30.7819045792668,67.5572291632254,KILLA SAIFULLAH,False
GGPS Killi Sardar Rozi,16271,30.7327093260549,68.2866689790775,KILLA SAIFULLAH,False
GGPS Killi Kashmir abad,16272,30.8618903157605,68.0211908168451,KILLA SAIFULLAH,False
GGPS FEROZI KHAN MEHTARZAI,16273,30.717080964349,67.5847378658296,KILLA SAIFULLAH,False
GGPS Khuwaja Imran,16274,30.7991780973589,67.9658654685148,KILLA SAIFULLAH,False
GGPS Killi Sakhiabad,16275,30.8130853324923,67.6071479944528,KILLA SAIFULLAH,False
GGPS Killi Sargarh,16276,30.8246606882305,67.7440247613428,KILLA SAIFULLAH,False
GGPS Killi Sheena Khura,16277,30.8607972336149,67.8887516598483,KILLA SAIFULLAH,False
GGPS Killi Tordaman Atta,16278,30.8561517858965,67.7107049798174,KILLA SAIFULLAH,False
GGPS Killi Oragsai NASAR,16279,30.8477692713524,67.6662292832778,KILLA SAIFULLAH,False
GGPS Killi Haji Abdul Khaliq,16280,30.8182993886447,68.1553908924549,KILLA SAIFULLAH,False
GGMIDS HAJI NOOR-UL-HAQ,16281,30.8347416862666,67.69780782747,KILLA SAIFULLAH,False
GGPS KILLI KHARKARAN,16282,30.7058380857783,68.309572719215,KILLA SAIFULLAH,False
GBPS GOON CHEENAH SHEIKHAN ABAD,16430,30.8679167374673,69.0742459624092,KILLA SAIFULLAH,False
GBPS KILLI BAKHT MUHAMMAD,16431,30.8273397916142,67.7262983880372,KILLA SAIFULLAH,False
GBPS NODA TAKI PAIND KHAN,16432,30.7429348169233,67.8609581022188,KILLA SAIFULLAH,False
GBPS KILLI TOOR DAMAN,16812,30.855805629652,67.7088575402873,KILLA SAIFULLAH,False
GBPS MURGHA MARGHAZAIN MUSLIM BAGH,16814,30.6976553127653,67.871748279718,KILLA SAIFULLAH,False
GGPS KILLI ABDUL ALI BANDAT MUSA ZAI,16920,30.701374174106,68.3754883629611,KILLA SAIFULLAH,False
GGPS KILLI BARKA MARGHAZAN,16988,30.6612547020411,67.8505181695776,KILLA SAIFULLAH,False
GGPS SHEIKH NIKA SADDAR MUSLIM BAGH,16989,30.6380700749282,67.995906539656,KILLA SAIFULLAH,False
GPS KILLI MOHAMMAD ESSA,17665,30.8091133830435,68.2251214887333,KILLA SAIFULLAH,False
GPS KILLI GIRDI BARAT KHAIL,17671,30.6467526895448,68.7898509638537,KILLA SAIFULLAH,False
GPS  SHEKHAN MULAZAI ALOZAI,17672,30.6843753230566,68.5708241422954,KILLA SAIFULLAH,False
GPS KILLI KARIM DAD BATOZAI,17677,30.9421145759307,68.969923791845,KILLA SAIFULLAH,False
GPS  KILLI SARDAR ROZI KHAN MIRZAI,17678,30.7330310086593,68.2866368812177,KILLA SAIFULLAH,False
GPS  KHOZHA KHEZI,17679,30.6558651147991,68.354210799803,KILLA SAIFULLAH,False
GPS SAGAI FATOZAI HAJI NIAMATULLAH,17680,30.7996025951662,68.2762642277018,KILLA SAIFULLAH,False
GPS  HAJI NOORULLAH KHAN,17684,30.6965084577946,68.4818556017441,KILLA SAIFULLAH,False
GPS KILLI PEURA GOREZAI,17685,31.06543169557,69.16015649073,KILLA SAIFULLAH,False
GPS  ABDUL HAMEED MIRZAI,17687,30.752284147104,68.1975060762119,KILLA SAIFULLAH,False
GPS KILLI SARDAR  MUHAMMAD,17688,30.8044576863794,68.2161377296711,KILLA SAIFULLAH,False
GPS  SHABAN,17690,31.0383264167935,68.5403346321657,KILLA SAIFULLAH,False
GPS TOR KAAN,17691,30.6670039090279,68.2465606592273,KILLA SAIFULLAH,False
GPS  PATAO MIRZAI KILI GHANI,17692,30.8470674589711,68.2242156518702,KILLA SAIFULLAH,False
GPS KILLI HAJI KHUDAI DOST BABOZAI JALALZAI,17693,30.7336439826079,68.2760085406862,KILLA SAIFULLAH,False
